state,date,abs,rate
Johor,2000/1/1,67183,24.3
Johor,2001/1/1,61432,21.7
Johor,2002/1/1,59699,20.6
Johor,2003/1/1,58230,19.7
Johor,2004/1/1,57339,19
Johor,2005/1/1,56524,18.4
Johor,2006/1/1,56737,18.1
Johor,2007/1/1,57780,18.1
Johor,2008/1/1,57838,17.8
Johor,2009/1/1,57849,17.5
Johor,2010/1/1,56064,16.7
Johor,2011/1/1,58167,17.1
Johor,2012/1/1,60444,17.5
Johor,2013/1/1,57402,16.5
Johor,2014/1/1,60443,17
Johor,2015/1/1,60543,16.8
Johor,2016/1/1,59561,16.3
Johor,2017/1/1,61085,16.5
Johor,2018/1/1,61084,16.3
Johor,2019/1/1,60261,16
Johor,2020/1/1,56908,14.2
Johor,2021/1/1,49990,12.4
Johor,2022/1/1,48254,12
Johor,2023/1/1,56156,13.7
Kedah,2000/1/1,41014,24.5
Kedah,2001/1/1,38073,22.3
Kedah,2002/1/1,36604,21.1
Kedah,2003/1/1,35407,20.1
Kedah,2004/1/1,35059,19.6
Kedah,2005/1/1,34254,18.8
Kedah,2006/1/1,33864,18.3
Kedah,2007/1/1,33963,18.1
Kedah,2008/1/1,35415,18.6
Kedah,2009/1/1,36019,18.7
Kedah,2010/1/1,35128,18
Kedah,2011/1/1,35937,18.2
Kedah,2012/1/1,36390,18.2
Kedah,2013/1/1,35032,17.2
Kedah,2014/1/1,36505,17.7
Kedah,2015/1/1,36784,17.5
Kedah,2016/1/1,35967,17
Kedah,2017/1/1,36693,17.1
Kedah,2018/1/1,35643,16.5
Kedah,2019/1/1,34511,15.9
Kedah,2020/1/1,33828,15.9
Kedah,2021/1/1,33040,15.4
Kedah,2022/1/1,30796,14.2
Kedah,2023/1/1,33811,15.4
Kelantan,2000/1/1,40404,29.7
Kelantan,2001/1/1,38186,27.5
Kelantan,2002/1/1,37297,26.3
Kelantan,2003/1/1,35686,24.8
Kelantan,2004/1/1,35113,24
Kelantan,2005/1/1,34088,22.9
Kelantan,2006/1/1,33659,22.3
Kelantan,2007/1/1,33800,22.1
Kelantan,2008/1/1,34842,22.5
Kelantan,2009/1/1,35715,22.7
Kelantan,2010/1/1,36009,22.6
Kelantan,2011/1/1,37679,23.3
Kelantan,2012/1/1,37025,22.4
Kelantan,2013/1/1,36413,21.6
Kelantan,2014/1/1,39279,22.8
Kelantan,2015/1/1,39108,22.2
Kelantan,2016/1/1,38455,21.4
Kelantan,2017/1/1,39122,21.4
Kelantan,2018/1/1,38360,20.6
Kelantan,2019/1/1,36858,19.6
Kelantan,2020/1/1,36275,20.2
Kelantan,2021/1/1,34764,19.2
Kelantan,2022/1/1,33808,18.5
Kelantan,2023/1/1,35705,19.2
Melaka,2000/1/1,15304,23.7
Melaka,2001/1/1,14317,21.5
Melaka,2002/1/1,13810,20.2
Melaka,2003/1/1,13898,19.8
Melaka,2004/1/1,13548,18.8
Melaka,2005/1/1,13341,18.1
Melaka,2006/1/1,12946,17.1
Melaka,2007/1/1,13444,17.4
Melaka,2008/1/1,13619,17.2
Melaka,2009/1/1,13456,16.7
Melaka,2010/1/1,13010,15.8
Melaka,2011/1/1,13976,16.8
Melaka,2012/1/1,14278,16.9
Melaka,2013/1/1,13692,16
Melaka,2014/1/1,14568,16.7
Melaka,2015/1/1,14554,16.4
Melaka,2016/1/1,14402,16
Melaka,2017/1/1,14389,15.8
Melaka,2018/1/1,14388,15.6
Melaka,2019/1/1,14136,15.2
Melaka,2020/1/1,13855,13.9
Melaka,2021/1/1,13192,13.1
Melaka,2022/1/1,13105,13
Melaka,2023/1/1,13583,13.2
Negeri Sembilan,2000/1/1,19243,22.2
Negeri Sembilan,2001/1/1,17670,20
Negeri Sembilan,2002/1/1,17647,19.6
Negeri Sembilan,2003/1/1,17272,18.8
Negeri Sembilan,2004/1/1,17085,18.3
Negeri Sembilan,2005/1/1,16838,17.7
Negeri Sembilan,2006/1/1,16622,17.2
Negeri Sembilan,2007/1/1,17195,17.5
Negeri Sembilan,2008/1/1,17351,17.4
Negeri Sembilan,2009/1/1,17360,17.1
Negeri Sembilan,2010/1/1,16939,16.5
Negeri Sembilan,2011/1/1,17670,16.9
Negeri Sembilan,2012/1/1,17903,16.9
Negeri Sembilan,2013/1/1,17509,16.3
Negeri Sembilan,2014/1/1,18676,17.3
Negeri Sembilan,2015/1/1,18423,16.9
Negeri Sembilan,2016/1/1,18036,16.4
Negeri Sembilan,2017/1/1,18078,16.2
Negeri Sembilan,2018/1/1,18177,16.2
Negeri Sembilan,2019/1/1,17464,15.5
Negeri Sembilan,2020/1/1,17120,14.3
Negeri Sembilan,2021/1/1,16777,13.9
Negeri Sembilan,2022/1/1,15991,13.2
Negeri Sembilan,2023/1/1,16570,13.5
Pahang,2000/1/1,29555,22.8
Pahang,2001/1/1,27613,21
Pahang,2002/1/1,26810,20
Pahang,2003/1/1,26144,19.2
Pahang,2004/1/1,25899,18.8
Pahang,2005/1/1,25692,18.3
Pahang,2006/1/1,24809,17.5
Pahang,2007/1/1,24958,17.3
Pahang,2008/1/1,25658,17.6
Pahang,2009/1/1,26057,17.6
Pahang,2010/1/1,25946,17.3
Pahang,2011/1/1,27079,17.7
Pahang,2012/1/1,27411,17.7
Pahang,2013/1/1,26968,17.2
Pahang,2014/1/1,28743,18.1
Pahang,2015/1/1,28059,17.5
Pahang,2016/1/1,27626,17
Pahang,2017/1/1,27555,16.7
Pahang,2018/1/1,27006,16.2
Pahang,2019/1/1,25887,15.5
Pahang,2020/1/1,25344,15.9
Pahang,2021/1/1,24507,15.3
Pahang,2022/1/1,23568,14.6
Pahang,2023/1/1,24162,14.7
Perak,2000/1/1,48589,23.2
Perak,2001/1/1,43533,20.4
Perak,2002/1/1,42289,19.6
Perak,2003/1/1,39822,18.2
Perak,2004/1/1,39012,17.6
Perak,2005/1/1,37369,16.6
Perak,2006/1/1,36835,16.2
Perak,2007/1/1,36628,15.9
Perak,2008/1/1,37174,15.9
Perak,2009/1/1,37203,15.8
Perak,2010/1/1,36026,15.1
Perak,2011/1/1,37522,15.6
Perak,2012/1/1,37712,15.5
Perak,2013/1/1,35427,14.5
Perak,2014/1/1,36586,14.9
Perak,2015/1/1,36284,14.7
Perak,2016/1/1,35685,14.4
Perak,2017/1/1,34838,14
Perak,2018/1/1,33869,13.5
Perak,2019/1/1,33005,13.2
Perak,2020/1/1,31582,12.7
Perak,2021/1/1,30816,12.2
Perak,2022/1/1,29543,11.7
Perak,2023/1/1,30759,12.1
Perlis,2000/1/1,4651,22.4
Perlis,2001/1/1,4340,20.6
Perlis,2002/1/1,4225,19.8
Perlis,2003/1/1,4058,18.8
Perlis,2004/1/1,3964,18.1
Perlis,2005/1/1,3932,17.7
Perlis,2006/1/1,3891,17.3
Perlis,2007/1/1,3946,17.4
Perlis,2008/1/1,4175,18.1
Perlis,2009/1/1,4237,18.2
Perlis,2010/1/1,4114,17.4
Perlis,2011/1/1,4161,17.5
Perlis,2012/1/1,4143,17.3
Perlis,2013/1/1,4050,16.7
Perlis,2014/1/1,4509,18.4
Perlis,2015/1/1,4315,17.4
Perlis,2016/1/1,4392,17.5
Perlis,2017/1/1,4447,17.6
Perlis,2018/1/1,4371,17.2
Perlis,2019/1/1,4060,16
Perlis,2020/1/1,4101,14.4
Perlis,2021/1/1,4076,14.2
Perlis,2022/1/1,3746,12.9
Perlis,2023/1/1,3878,13.2
Pulau Pinang,2000/1/1,27337,20.5
Pulau Pinang,2001/1/1,24712,18.2
Pulau Pinang,2002/1/1,24775,17.9
Pulau Pinang,2003/1/1,23467,16.6
Pulau Pinang,2004/1/1,22943,16
Pulau Pinang,2005/1/1,22559,15.4
Pulau Pinang,2006/1/1,22003,14.8
Pulau Pinang,2007/1/1,22429,14.9
Pulau Pinang,2008/1/1,22952,15
Pulau Pinang,2009/1/1,22777,14.7
Pulau Pinang,2010/1/1,21172,13.4
Pulau Pinang,2011/1/1,22353,14
Pulau Pinang,2012/1/1,23794,14.7
Pulau Pinang,2013/1/1,21499,12.9
Pulau Pinang,2014/1/1,22877,13.6
Pulau Pinang,2015/1/1,22242,13.1
Pulau Pinang,2016/1/1,21781,12.7
Pulau Pinang,2017/1/1,21464,12.3
Pulau Pinang,2018/1/1,20705,11.7
Pulau Pinang,2019/1/1,20200,11.4
Pulau Pinang,2020/1/1,19645,11.3
Pulau Pinang,2021/1/1,18571,10.7
Pulau Pinang,2022/1/1,17731,10.2
Pulau Pinang,2023/1/1,19579,11
Sabah,2000/1/1,49308,18.9
Sabah,2001/1/1,48990,18.4
Sabah,2002/1/1,46119,17
Sabah,2003/1/1,44388,16
Sabah,2004/1/1,46170,16.3
Sabah,2005/1/1,47160,16.3
Sabah,2006/1/1,46142,15.6
Sabah,2007/1/1,47017,15.5
Sabah,2008/1/1,50272,16.2
Sabah,2009/1/1,52782,16.6
Sabah,2010/1/1,54134,16.6
Sabah,2011/1/1,54990,16.4
Sabah,2012/1/1,58185,16.9
Sabah,2013/1/1,56823,15.7
Sabah,2014/1/1,57397,15.6
Sabah,2015/1/1,54699,14.7
Sabah,2016/1/1,52071,13.7
Sabah,2017/1/1,52528,13.6
Sabah,2018/1/1,53025,13.6
Sabah,2019/1/1,52973,13.6
Sabah,2020/1/1,49587,14.5
Sabah,2021/1/1,41608,12.2
Sabah,2022/1/1,43617,12.8
Sabah,2023/1/1,46412,12.9
Sarawak,2000/1/1,47920,23.1
Sarawak,2001/1/1,46098,21.8
Sarawak,2002/1/1,44929,20.8
Sarawak,2003/1/1,44068,20
Sarawak,2004/1/1,43545,19.4
Sarawak,2005/1/1,43241,18.9
Sarawak,2006/1/1,42892,18.4
Sarawak,2007/1/1,42549,18
Sarawak,2008/1/1,43426,18
Sarawak,2009/1/1,43753,17.9
Sarawak,2010/1/1,41474,16.7
Sarawak,2011/1/1,43383,17.2
Sarawak,2012/1/1,43178,16.8
Sarawak,2013/1/1,40413,15.3
Sarawak,2014/1/1,41049,15.4
Sarawak,2015/1/1,39754,14.7
Sarawak,2016/1/1,37985,13.9
Sarawak,2017/1/1,37654,13.6
Sarawak,2018/1/1,36624,13.1
Sarawak,2019/1/1,36672,13.1
Sarawak,2020/1/1,35449,14.4
Sarawak,2021/1/1,31274,12.7
Sarawak,2022/1/1,30937,12.5
Sarawak,2023/1/1,33920,13.6
Selangor,2000/1/1,91635,21.9
Selangor,2001/1/1,87758,20.3
Selangor,2002/1/1,89735,20.2
Selangor,2003/1/1,89933,19.6
Selangor,2004/1/1,93176,19.8
Selangor,2005/1/1,92456,19.1
Selangor,2006/1/1,94737,19
Selangor,2007/1/1,97055,18.9
Selangor,2008/1/1,100284,19
Selangor,2009/1/1,103023,19
Selangor,2010/1/1,98429,17.9
Selangor,2011/1/1,103686,18.5
Selangor,2012/1/1,107946,18.9
Selangor,2013/1/1,103173,17.5
Selangor,2014/1/1,108932,18
Selangor,2015/1/1,108131,17.5
Selangor,2016/1/1,104661,16.6
Selangor,2017/1/1,103987,16.3
Selangor,2018/1/1,102125,15.8
Selangor,2019/1/1,98836,15.2
Selangor,2020/1/1,93577,13.4
Selangor,2021/1/1,90118,12.8
Selangor,2022/1/1,83658,11.9
Selangor,2023/1/1,90535,12.6
Terengganu,2000/1/1,24833,27.5
Terengganu,2001/1/1,24060,26.2
Terengganu,2002/1/1,23205,24.8
Terengganu,2003/1/1,22269,23.4
Terengganu,2004/1/1,22542,23.3
Terengganu,2005/1/1,21966,22.4
Terengganu,2006/1/1,21907,22
Terengganu,2007/1/1,22366,22.1
Terengganu,2008/1/1,23339,22.8
Terengganu,2009/1/1,23887,23
Terengganu,2010/1/1,24262,23
Terengganu,2011/1/1,24776,23
Terengganu,2012/1/1,25698,23.5
Terengganu,2013/1/1,25465,22.9
Terengganu,2014/1/1,27013,23.7
Terengganu,2015/1/1,27629,23.8
Terengganu,2016/1/1,27521,23.3
Terengganu,2017/1/1,27911,23.1
Terengganu,2018/1/1,28242,23
Terengganu,2019/1/1,27085,21.8
Terengganu,2020/1/1,27177,23.6
Terengganu,2021/1/1,26337,22.5
Terengganu,2022/1/1,25304,21.3
Terengganu,2023/1/1,26127,21.6
W.P. Kuala Lumpur,2000/1/1,29382,20.8
W.P. Kuala Lumpur,2001/1/1,27211,18.8
W.P. Kuala Lumpur,2002/1/1,25928,17.6
W.P. Kuala Lumpur,2003/1/1,25173,16.8
W.P. Kuala Lumpur,2004/1/1,24892,16.3
W.P. Kuala Lumpur,2005/1/1,23544,15.2
W.P. Kuala Lumpur,2006/1/1,24067,15.3
W.P. Kuala Lumpur,2007/1/1,24936,15.6
W.P. Kuala Lumpur,2008/1/1,25178,15.5
W.P. Kuala Lumpur,2009/1/1,25870,15.7
W.P. Kuala Lumpur,2010/1/1,24471,14.6
W.P. Kuala Lumpur,2011/1/1,25525,15.1
W.P. Kuala Lumpur,2012/1/1,26982,15.9
W.P. Kuala Lumpur,2013/1/1,25333,14.7
W.P. Kuala Lumpur,2014/1/1,27100,15.6
W.P. Kuala Lumpur,2015/1/1,25789,14.5
W.P. Kuala Lumpur,2016/1/1,25739,14.4
W.P. Kuala Lumpur,2017/1/1,24732,13.8
W.P. Kuala Lumpur,2018/1/1,24235,13.5
W.P. Kuala Lumpur,2019/1/1,23921,13.4
W.P. Kuala Lumpur,2020/1/1,23199,11.7
W.P. Kuala Lumpur,2021/1/1,21046,10.7
W.P. Kuala Lumpur,2022/1/1,19853,10.1
W.P. Kuala Lumpur,2023/1/1,21442,10.7
W.P. Labuan,2000/1/1,1495,19.7
W.P. Labuan,2001/1/1,1486,19.3
W.P. Labuan,2002/1/1,1466,18.8
W.P. Labuan,2003/1/1,1584,20.1
W.P. Labuan,2004/1/1,1513,19
W.P. Labuan,2005/1/1,1509,18.7
W.P. Labuan,2006/1/1,1587,19.4
W.P. Labuan,2007/1/1,1581,19
W.P. Labuan,2008/1/1,1680,19.9
W.P. Labuan,2009/1/1,1656,19.2
W.P. Labuan,2010/1/1,1631,18.5
W.P. Labuan,2011/1/1,1734,19.4
W.P. Labuan,2012/1/1,1773,19.6
W.P. Labuan,2013/1/1,1743,19.1
W.P. Labuan,2014/1/1,1871,19.9
W.P. Labuan,2015/1/1,1953,20.5
W.P. Labuan,2016/1/1,1752,18.1
W.P. Labuan,2017/1/1,1685,17.3
W.P. Labuan,2018/1/1,1691,17.1
W.P. Labuan,2019/1/1,1678,16.9
W.P. Labuan,2020/1/1,1714,18
W.P. Labuan,2021/1/1,1522,15.9
W.P. Labuan,2022/1/1,1374,14.2
W.P. Labuan,2023/1/1,1409,14.2
W.P. Putrajaya,2010/1/1,2430,33.1
W.P. Putrajaya,2011/1/1,2956,38.2
W.P. Putrajaya,2012/1/1,3150,40.2
W.P. Putrajaya,2013/1/1,2972,37.3
W.P. Putrajaya,2014/1/1,3064,37.9
W.P. Putrajaya,2015/1/1,2869,34.57292972
W.P. Putrajaya,2016/1/1,2569,30.4
W.P. Putrajaya,2017/1/1,2517,28.8
W.P. Putrajaya,2018/1/1,2400,24.7
W.P. Putrajaya,2019/1/1,2316,22.3
W.P. Putrajaya,2020/1/1,2143,19.6
W.P. Putrajaya,2021/1/1,2106,18.3
W.P. Putrajaya,2022/1/1,1839,15.7
W.P. Putrajaya,2023/1/1,1713,14.4
